time,flowRate_phi,area
0.0,-5.6346e-14,3.88962e-10
50.0,-5.89841e-14,3.88962e-10
100.0,-5.91082e-14,3.88962e-10
150.0,-5.91141e-14,3.88962e-10
200.0,-5.91143e-14,3.88962e-10
250.0,-5.91143e-14,3.88962e-10
