time,flowRate_phi,area
0.0,-1.30716e-13,1.83769e-09
50.0,-1.48021e-13,1.83769e-09
100.0,-1.51556e-13,1.83769e-09
150.0,-1.52335e-13,1.83769e-09
200.0,-1.52511e-13,1.83769e-09
250.0,-1.52552e-13,1.83769e-09
