time,flowRate_phi,area
0.0,-4.39777e-14,3.45744e-10
50.0,-4.56897e-14,3.45744e-10
100.0,-4.57549e-14,3.45744e-10
150.0,-4.57573e-14,3.45744e-10
200.0,-4.57574e-14,3.45744e-10
250.0,-4.57574e-14,3.45744e-10
