time,flowRate_phi,area
0.0,-7.25448e-15,1.41134e-10
5e-05,-7.25813e-15,1.41134e-10
0.0001,-7.25822e-15,1.41134e-10
0.00015,-7.25822e-15,1.41134e-10
