time,flowRate_phi
0.0,-5.6346e-14
50.0,-5.89841e-14
100.0,-5.91082e-14
150.0,-5.91141e-14
200.0,-5.91143e-14
250.0,-5.91143e-14
