time,flowRate_phi
0.0,5.63484e-14
50.0,5.89842e-14
100.0,5.91082e-14
150.0,5.9114e-14
200.0,5.91144e-14
250.0,5.91143e-14
