time,flowRate_phi,area
0.0,5.63484e-14,3.88962e-10
50.0,5.89842e-14,3.88962e-10
100.0,5.91082e-14,3.88962e-10
150.0,5.9114e-14,3.88962e-10
200.0,5.91144e-14,3.88962e-10
250.0,5.91143e-14,3.88962e-10
