time,flowRate_phi,area
0.0,1.0548e-15,1.18592e-10
1e-05,1.8337e-15,1.18592e-10
2e-05,2.44114e-15,1.18592e-10
3e-05,2.92619e-15,1.18592e-10
4e-05,3.31726e-15,1.18592e-10
