time,flowRate_phi
0.0,5.19933e-16
50.0,5.19927e-16
100.0,5.19926e-16
150.0,5.19926e-16
200.0,5.19926e-16
250.0,5.19926e-16
